B0001WNALS,B000B7M8X4,B000E18CDM,B000BNC9GY,B000GJ5AOQ
B000OVHWHY,B000OVHZH6,B000N6KR90,B0002LCU3M,B00083MOFS
B000E96ZF6,B0006HUIL8,B000BS3P44,B000OVJYKM,B00009V4BN
B00081FKTM,B000KJXENG,B000KNPKQG,B000OVK17C,B00009V4BK
B00083OJXI,B000OVJY6G,B000GAY3XO,B00009V4BM,B000JS2ZCO
B00009V4BL,B000OVHUSK,B00006B7OA,B00009V4BB,B000J40MYG
B00009V4BH,B00009V4BG,B000BS3P4Y,B000JLD7LO,B000HFWH6I
B00009V4BC,B00009V4BF,970113706,B000G6JNHY,B000JKT9XU
B000G6DZWI,B00009V4BA,B000KUCTB8,B000KMFEAO,B00004Z69Y
B000KNJDG4,B000I662ZI,B000A8BLO6,B000BMCP0K,B000BUFG8U
B000BT977M,B000GAXLPK,B000BHZWQ4,B0009IJZUY,B000IVRYTQ
B0000541BY,B000ESN5BE,B000OVHW24,B000KNPWDC,B000FVUBJO
B000FV90M8,B000A86FJW,B000F8V7P4,B000AMYOUU,B000AXVONY
B0006HIHDO,B000BNRO0A,B000KI6W5Y,B0002TMXAE,B000GP1670
B000FVAKBS,B0007QY5TE,B000GB96C6,B0002TMXAY,B000GBPPDA
B000JGQFMC,B000C4GTIQ,B0007Q1J1Q,B0009RPCGQ,B000BYQMAW
B00081FKT2,B000EBTQF0,B000Q5PE50,B000A88LK8,B0006BDG8Q
B000189TPI,B000HEIIIA,B000AMBANO,B000GBO8V0,B000J18NB8
B000OVHWLK,B000B8YPG6,B000P1NSDK,B00005A41F,B0000BYD4U
B000B7S33I,B000I6498A,B000067PE4,B000HWNSS2,B000ETC988
B0008GNY40,B000LFAY7I,B000PS2DLQ,B000GUKTEQ,B00008XPEY
B000641EXC,B000MPQ4D0,B000F2N1CC,B0000BYD4Y,B000HUX5GO
B00083MO94,B000BY6THS,B000BY4Q5A,B00008XPEQ,B0007LPB10
B0008F6CBS,B000OVHVRA,B000BI3ADA,B000N65JAM,B00083QRDS
B000OVNRBY,B000PCWMS6,B000FLH2VE,B000CF92KC,B000H2L1M2
B00083MMXC,B000I6FAWY,B000FDOH24,B0001IMMKC,B0000C16QY
B000OVNRBO,B000BYQMAM,B00006B7O1,B000LB7JES,B000GSOJRG
B0007TSYE8,B000NVUR2W,B00006IDOD,B0008D7EUI,B000E9TCII
B000CF40KY,B000CSWTOA,B0002IX3MW,B00006IDOM,B000A8BM5O
B000OVK000,B000MWITF4,B0000648AF,B00006IDON,B000KNN6CG
B000OVNKXE,B00008XPE7,B000GYUYLK,B00006IDOO,B00006B7OH
B000QDU4FM,B00008XPE6,B00006JNWU,B0001DUQFU,B000CQP76Y
B0006HFD2W,B000BI3AJO,B0007ZY6D0,B00006IDOE,B000OVHWD8
B000HZC8MQ,B0001DTINQ,B000068U62,B000OVNQXI,B000JQOZLU
B000P0R1OI,B0007W60QE,B000EIGV7Y,B0002IXT4O,B000BKGWLU
B0006G8528,B000FALEP0,B000BDH9KU,B0000648AK,B0006VRY8O
B000OVHZ9Y,B00008XPET,B000NWKEJW,B000B7QA9M,B000HF29DY
B000AN1J34,B0001DS1WK,B000FAFJTM,B00006IDOR,B0006FUHGQ
B000CBWWJO,B0006TU9J2,B000259FWW,B000BGZHCY,B000NF12KY
B000HUT9WI,B000A88M2A,B00083QPVW,B00006JNWW,B000OVJZ9M
B000KNNI24,B000NHR9VS,B000HYQH5Q,B000IJDRPI,B000OVNL4W
B000OVHVRK,B00008XPEB,B000PA5G9U,B000N8LVJ8,B0007ZFXWI
B000MARKT2,B000BI1L8Q,B000GBROXO,B000A8BPEW,B000PSFC46
B000PS3SGK,B000Q5XRH2,B000JF1I20,B000BKRLOW,B00064U7P8
B000N2M1FW,B000OVPEUG,B000FVZMY8,B00006IE18,B0009AGF5K
B000FE94DA,B000OUUGCS,B000NWKD70,B0002JT0PK,B000GFWJCQ
B000A7JJF0,B000A88LKI,B0001DRZSQ,B000641FCC,B000J07CKC
B000ER1WTC,B000L2FT6C,B0000CDS9X,B0007D63OM,B000NHXI0O
B000CD4KYC,B000KGH4IA,B0006HUQH4,B000641EYQ,B000093IN2
B000H7UGG4,B00006IDOB,B000G0ATGE,B00070HGKK,B000CFD5SC
B000GBROE8,B000I1KTEI,B000P9HP5Y,B000289DX0,B000NP1ESO
B000BY4Q50,B000HF4QOO,B000BROVIO,B000J0C80G,B000FCRJIO
B0001YRD4Q,B0000648AJ,B000AYXCNS,B000H8Q41Y,B000BFZTDM
B00008XPEP,B000KNJF6W,B000OVK0J6,B000GBPOKE,B000ANLACE
B0006FUG76,B000FZ91ZU,B0000VMA20,B000FD7TOW,B000P8HMLM
B000PFXZYS,B0002M9LP6,B0001DS1XO,B0001DUMYU,B00083ONLQ
B0009WUF7C,B000KNDLD0,B00009R8VC,B000BR28N4,B000641FZO
B000BYXF7A,B000IZCUK0,B000OVJWSQ,B0008FUYYO,B0006OJANS
B000J3X6YK,B000F1BFIU,B000QHH03W,B000I6H7HA,B000KNN1F8
B000OVHYTU,B00006JNWV,B0000AS48D,B000A8AZM0,B0008G8G8Y
B000KNL8EO,B0009WFWP2,B000KNNVYO,B000J0C9SM,B0000AE68B
B000OVJZ5Q,B00006JNWQ,B0001XP24K,B0009IP2M4,B000FHZ78S
B000FDXXT2,B00006JNWP,B0001DSCHY,B000B7S3EM,B000LXYLGK
B00006JNWL,B00023KJWO,B000F8R28K,B0009IG1DI,B000FAJJ16
B000229MR8,B000KNHRG2,B000KD1Q8C,B000BKVMOM,B0001DTGZ6
B0008GMOVE,B0006SIBUC,B0008DV6MA,B0006IRU2C,B0000BZNEM
B000KBNI3K,B000BRH5UU,B000GBTA6I,B000PAQJ8C,B00006IFNC
B000GPM0OI,B000AXRV3Q,B000J2NX44,B000A88LJE,B000QE32BY
B00006JNWS,B000B836MA,B000TB6EHS,B000MWSUZS,B000HYM0AM
B000OVPHMQ,B000GBO9X2,B0006HXP68,B000AM7YJI,B000B7K9SU
B000OVHYFE,B0001M9W9M,B000BRPT8K,B0009H2E9E,B0006HUQVK
B000BDH9KA,B000I6ILGQ,B000F3FS86,B0009VXFFC,B000FZ26UW
B000I38K7O,B000NK5VY2,B000GJ37T6,B000BY4QIM,B000PVDSM6
B000A88LYO,B0006IK25E,B000PHE0EA,B000F3V2R2,B000N2EX4Y
B000OVPFBO,B000JM340M,B00006IFN7,B000OVPI2A,B000ETWHTO
B000BRLINU,B000AM9Z2W,B0000C6HFV,B0009IL25A,B00013MUVI
B000BP52PM,B000OVJYZC,B000A5CKHQ,B000FNIPUY,B0009RRT9Y
B000EJVUUG,B000J3812M,B000A5CKHG,B00064U6WM,B000BYT4FC
B000AM7XXA,B000J0C3ZQ,B000J09RJQ,B000F3FT3K,B000B7W7UI
B000JT36XA,B000I6DJ68,B000B7K9SA,B0006HUPHU,B00018API8
B00096J7OU,B000P0R1NE,B000KK01FY,B0001DUPSS,B000B7MUFU
B000I1G3G6,B000TKQAJQ,B00004W3Y5,B0006VPXXM,B000J2HB9C
B000B7MUGY,B0002WYH3C,B000P1PI9W,B00026T0H6,B000B7MUFA
B0009ZENP4,B000BNZLI2,B000I5Z4TE,B000GPRTY4,922705380
B000BQ0922,B0006HIGOO,B000N2LZR2,B000AXPVOW,B0007D32W8
B000QF8YSY,B000NI52FW,B0006IK268,B000OVPFSC,B000COEK46
B0006J2364,B000NZAFSO,B0000D94MW,B00067AGJM,B000PS6PY2
B000HYKAV8,B000684DUO,B0006G2XV2,B000F8VFBA,B0001DT3ZY
B000KKTIMG,B00004ZCM5,B000KNNVX0,B000KNPM46,B0007ZYU6S
B000P1PH4S,B0000VMA2K,B000AXTPEY,B0006IK1DW,B000P9YCH8
B0009INFOG,B000MRRB62,B000B7S3VK,B000GDMBHQ,B0009F4QUG
B0006SDOCM,B00016ZMUG,B00004T19X,B00006IFN9,B000H06T76
B000OVPDDE,B0007V62R2,B0006O87GE,B000A8BM8Q,B000BS5P74
B000I6H5XG,B000B7S3EC,B0001DUJHK,B0007ZJ8RO,B000GLCYRU
B000GIKZ4W,B00022694W,B0008KL3KI,B000980KR6,B0002AHRSQ
B000MM49NU,B00028DK16,B000C3CBIY,B000IFX73E,B0001DUTZM
B0001M6K3S,B000DT7GHI,B0006HWZQY,B0007R5MPO,B0002TTLP4
B0001DUMYA,B000PKUVO0,B0007ZFXXM,B000OVPGCC,B0006NNGKW
B0006IJQ5Q,B000GG0DD2,B0006IYIMW,B000KKX89U,B000PFPSJI
B000N4AI8M,B00006IDRI,B000KNI1US,B000641FF4,B00005A430
B0000AS482,B00006IDRH,B000J0C9TG,B00006IE1M,B00083ON84
B000OVNMA0,B000C1BO3O,B000Q5Z2PM,B000FAFJEW,B0006HXQ0I
B0002LCVHC,B000BHIAKO,B000I1HQ9E,B0002TTKLY,B000B836O8
B000JCUTNC,B000QD9Q6K,B000NWODU8,B000OVHUCG,B000OVI0IY
B000KNHSMU,B0006FUGC6,B000NHVKEU,B00067T9UE,B0006HXQ0S
B0001MTUEE,B000K2G7YQ,B0001DUPB0,B00099I2UC,B000OVNQK6
B0002ZPW2O,B000OVNMOG,B0006HEOOK,B000PSDJ8M,B000J09VCO
B000ADYTAE,B0001DUWB8,B000OVNRWS,B0006OKSD4,B000B7M8OS
B0009WY85C,B00028DK1Q,B000A5CKIK,B000MLKZKW,B000F6H0EI
B000641F54,B000NZOAS0,B000GBRP4M,B0006SJB4M,B000N8GKY4
B000OVJY70,B000I25VSG,B000OYFDUO,B000BNLO3S,B000FVE1WC
B000G1EX1K,B000AMW5V0,B000P0R72Y,B00081G2HG,B000GJ37YG
B0001DUNQM,B0001DUPOC,B000FNIPB8,B000A8BMB8,B00006IEEV
B000PVFPYU,B000KNJVGQ,B000G1G7XM,B000KNLQRI,B0008GM6RG
B0006OJA9W,B000FALF3Q,B000GFDHN6,B000JYIM8Y,B000226956
B00083KVMG,B000P1NSSA,B000I1Z0T2,B0006N1QVI,B000GF498I
B000F7AOKY,B000BKP374,B0006HIHAC,B0000X1H90,B000F9ZGL4
B000A8B1HS,B0006ZIGGO,B000GJ758K,B000Q5Z5DG,B00026FWVE
B000OVHV02,B0002WYH28,B000FAJFCO,B000E9JROC,B000JKZH2C
B000I1HQ44,B000N7K7WQ,B000635FFG,B000GBVBKG,B000OVNPX4
B00081ANQ2,B000G6HSQW,B00009R700,B000OVNQFQ,B000FNE0XK
B000OVNLBU,B0006HXNGK,B00009R702,B0009IG1E2,B0007D2F80
B0002Y52KM,B0009WB21A,B000HF03NW,B000KNNLFI,B000E9TCK6
B000I6F8KI,B000BYT2JU,B00074W9L2,B000J0CDXI,B000NZQ038
B000AIES00,B00083QNAU,B00006L36B,B00097CMGE,B0006HIHCU
B00081FKUG,B000KNSJ7S,B000OVNR8W,B0000CFQP5,B0001WAAFW
B000A7QG0Q,B0001DUMXQ,B00004T7VT,B0008DJTW4,B000I1MNBU
B000083CWJ,B00006IFN6,B0002CWJ8M,B000A8AYWQ,B000LFCPBG
B00006IAP3,B000BROVHU,B000OV8ETO,B000EFQLKO,B0008G29EQ
B000FDVD5S,B000JI7K8I,B000HUV84U,B0008DV6PM,B000KNPLEM
B000JQQTN2,B0002IXT30,B00004Z2U8,B000J05FR4,B0009IJZPY
B000OVHULC,B000GBTA86,B00064U7RG,B0006Z5HW0,B000789MUY
B0007CGTME,B000HXMKXK,B0006VBR14,B0008DV6PW,B000641FXQ
B0009RNUQK,B000A6X4IY,B000H89PWY,B00092O8VG,B000B7W5GY
B000KGCUX4,B000BI1WJE,B00009L1W3,B0008DJTWE,B00083QUV2
B000HF03BO,B0006ORBP2,B0009GU6C2,B000B7MUE6,B000RB3GI0
B00006IDRF,B000OVK384,B0009WFWCK,B0008FUYWG,B000G6DYYW
B000A8AZ48,B000BRBZVA,B000H7MGZ8,B0001DUKSS,B000PCVQKG
B0007XFN84,B000BY4PVU,B0006VRAK6,B0006PU7AC,B0006HUJOO
B000I1HHMA,B000F3ZIWM,B000NWMDOG,B0009I52O2,B0007Q1J16
B000CSWUZI,B000JKBFWS,B000C194WM,B0007XDHGO,B000I1J3RW
B0009WWVNS,B000F8V7QI,B000OVHZQC,B000GGVGSI,B000BRBZT2
B000PD0BP6,B0001DUKN8,B000NSB7YM,B0009IL278,B000GPGJKO
B000BS5P6K,B000B7W7U8,B00009L1WF,B000NUXMA2,B0006HG12I
B0006Z5HZM,B000BNC9HS,B0002TTGQ8,B000KZ9ZS8,B000I20XXO
B000F8XH3O,B0001NXDJ6,B000J42MVM,B000BNC9PK,B0006VRTIY
B0008FUZ4S,B000FP553C,B0002ABBU6,B000FAHANA,B000HF2PSI
B000Q5FOYQ,B00067AGDI,B000BKRLLK,B000PA09V0,B000GPAYIM
B000RAZTKE,B0006VNO4C,B000L9VGC6,B000G6FV3O,B000FNIPAO
B000MATGSK,B0006PJYLA,B000KKCP62,B000IG7TQY,B000AIDBGC
B000JWKXSI,B000B7OSU0,B000KN4DWS,B000JKNZKI,B000BQ094A
B0001DUPOW,B00005C552,B000LLX2BM,B000PD4I3C,B000FDXPKY
B000J3TWWA,B0001DUNR6,B0002TTGQI,B000AIGWSG,B000802I0M
B000G6FQMU,B0001B78LW,B000FIIG7Q,B000ER2YM6,B0009H754I
B0001DS6VQ,B000KNJ64I,B0009XTPAO,B000N1GL18,B000MWU8CQ
B000NHZ50K,B000KAH90O,B000JVW3TQ,B0001DUIF8,B000E1491Q
B000HF0710,B000PD0NA4,B000FZ920E,1574863185,B0008IT2KI
B000PD0F1G,B0007LCZTQ,B000GP3JB6,B000BUVXXM,B00067IDXS
B000B836LQ,B000BI1XF2,B00097CNL8,B0009IJZRM,B0001DU2ZE
B000A7OPAY,B000MX1NSS,B000K9FG3C,B00005BZRZ,B000NHXJ4E
B000F7R5B0,B0007ZFXVE,B000NWOFNI,B000BQL7FA,B000EH6ECW
B0001DUNYE,B0001DT3ZE,B000QE2L8E,B0006BB7ZK,B0001DT28M
B000B8YPZM,B0002FCG9Q,B000BNLQY0,B000FVW8BI,B000MQQEHU
B0001DSR4C,B000IT4O0A,B000FNIPAE,B0008DV6Q6,B000KNJCTW
B000E0I940,B00028XQPG,B00064U7Y4,B000OVI0XY,B00083MOJY
B0002J5GX0,698109228,B0002WYGS8,B000OVPGZ4,B000OW9BFY
B0007X3RPK,B000J09VC4,B00004ZBPR,B000B7K9U8,B000IZ8U72
B000C11SD0,B000KNJDE6,B000HJ5B6M,B000NNJY6K,B000E147WW
B0001DUPS8,B00080DUHW,B000KNNVVW,B00068O32C,B000KNHRTE
B0001IMODM,B000HHYFTS,B000GAOJ2Y,B000GPAYIC,B0000DC0T3
B0006HWMKS,B0002TTLM2,B0001DSBVQ,B000PCYI88,B0002CXCQU
B000RB1Y5W,B0001DTBPG,B000B7OSV4,B000GT9QV4,B0002IOV46
B000BGZFYO,B0009I6SPE,B00006L36C,B000BQ7HUE,B000GJBQF8
B000N35L0I,B000GBTA7C,B000OVNS8G,B000OVPF00,B000HFEKWW
B000Q5LYF4,B000239E7K,B000E4Z43U,B000HXML3Y,B000B7K9TY
B0007LS8FG,B0006BAWKQ,B0000VZ30Q,B000KNAI36,B000NBCL12
B000KNJE2M,B000I24G5A,B000HF6JEY,B0007TZY3C,B0001DUJB6
B000B7K9S0,B000PCWVKA,B0000648AG,B000NL5U6A,B000B7K9TE
B000OVJXMQ,B000KL80P6,B000I0QCPY,B000OVNP16,B000HHSLSO
B000MAPM7O,B000I1HQ9Y,B000F3HMWQ,B00006IDOL,B000B7K9T4
B000GBPOZ4,B000PHM2JA,B000QF79YE,B000G0GMQK,B0001DK2M2
B00068O200,B000C18GTE,B000IZ8TSM,B000LXC5F4,B000FDT0JY
B000A5CKH6,B000QE0XJS,B000BQY6KI,B000LPC6IS,B000HYNSNA
B00067TAC6,B00097CMGY,B0001DU6BY,B00006IDOK,B00004Z2UB
B0007KLIZY,B0000DD6T7,B000BHIAD6,B0006TUAI2,B00065H746
B0009VEML8,B000KINLIK,B000G6U0LW,B0002TMX4U,B000BYQ8NI
B000OVJXNA,B000AMLR8M,B000140IC0,B000GJ76SE,B0002TTIMK
B000OVK262,B000EOX28E,B0002TTGPO,B000E5DQSY,B000BUR98A
B000OVK38Y,B0002I8OEE,B0002TTGPE,B000OVNS8Q,B000OVK4K6
B00064U7DU,B000K9BQ4A,B0002TTGPY,B0000648AI,B000OVPFLO
B000OVPBKY,B000PCYO5U,B00006IDYC,B000GL7IDK,B000OVPBLS
B000FNI6EO,B000OY3MM0,B000LBXXYS,B0006IJZR0,B000GBO9RS
B000PAR7JW,B00013MU3Q,B000FBK446,B0009IJZQI,B00083MNEK
B000FNE0EO,B000BPWTCG,B00006IDY5,B000FFT1CS,B0001DUJEI
B0009UD0KS,B000J368HW,B00006IDY3,B00085FACK,B000641G6C
B000OVHWEM,B0001DU7F4,B000CDW936,B000KNFR2S,B00095OFXE
B0009ILH4G,B000PGZPEU,B00006IDY1,B000FDQE2K,B000PHG96M
B000HYKCFW,B000FNG2A4,B00006IDY9,B000BR7E0G,B0007WAIZI
B000HF4V4O,B0006IK27M,B0002TTGP4,B00066FIS2,B00095OFXO
B000PHQEZS,B000HDX8JA,B00004UBH2,B0007734UO,B000OF97NC
B000CMQ3OS,B000PCYD24,B0006ORDRS,B0009IG1GU,B0006ZIKWO
B000HF4V4Y,B000C17TI8,B000JGEEAC,B00083QUQ2,B000HTLY5O
B0002TTL4K,B0006TU820,B000OVNS0Y,B000EFLYQA,B0006HIH5W
B0001DUWIQ,B000F9X2RE,B000A8BLQY,B000FNI6FS,B00006IE0H
B000OVK2YY,B000B7MUEG,B000F7DPEQ,618307222,B000J3UZ1M
B000G6JP9U,B000KL0478,B000OVHWHO,B000OVK3YI,B000IG2OXC
B00004ZCMY,B000KNPKHU,B00006IFK2,B000KNI8N8,B000HF6JF8
B000BNB208,B000ELJ3HG,B0002IXT9O,B000FNI6F8,B000FW1F9I
B000P5Q874,B000PCVQJW,B000MQSDXS,B000E4ASYA,B000M16UL0
B000BFZTKK,B000JF1HVC,B000OVPAKU,B0001DU0II,B000HF0KIU
B000OVNPPW,B000FW97U2,B000J0C5N6,B0007MTYX0,B0009RLJW2
B000GATYB0,B000KL03S8,B000HMBY1A,B000OVK2FI,B00006IDX2
B000BRH58C,B000FFM5N0,B000J2M1EC,B0001DSDQY,B00083KVU8
B000CD0JXS,B0007XDHGY,B000NXB3RS,B000BR5J4E,B0002GTG70
B0007R6RI0,B00069QLDK,B000G6DZR8,B0001XD75G,B0009VEM9K
B0001DUM7M,B00006IA3L,B0002KH9WK,B00061OBHG,B000MQL3VM
B0006HIHP2,B000I36ZNA,B000OVHVT8,B000OVNLTW,B000J09SHC
B000OVNPPM,B000LFAXZ6,B000A86F38,B000H5FXL4,B00006IDXA
B0009I7HLS,B0000205WX,B000FA3ZGQ,B000OVNL8I,B0009SPS9G
B000OVPB86,B000FIBMVI,B0001DUW18,B0001DU4XY,B0001DTHIM
B000NXB3MS,B000GDAONO,B000OVHX8M,B0001DTBWE,B000AIILA8
B000LFCP6Q,B000OVK2VC,B000OVPBP4,B0009V0V5E,B0001DU560
B0009WB1F2,B000A6WZ66,B000KW3Q18,B0001MBKYC,B000KNDKBI
B000FWAWGU,B00026UUW0,B000A86F3I,B000BGSZCS,B000BS3P2G
B000F5OD3A,B000BHIAGI,B0007Y7SWC,B000CSXWO6,B0006TZNRA
B000OVI11U,B000KDSLW6,B000I6DHI8,B000HTBBOS,B0007XMDH8
B000FZ27EM,B00009R68H,B0006BAWUQ,B000813FE4,B000MNM2HE
B000G6JND8,B000OVPEF6,B0006HWZR8,B0002KHBRI,B000IVPWAE
B000NDKVJY,B000OVHYWM,B000OVNQWO,B000FAJGMI,B000EPYD4U
B00024WGP6,B000OVHUXU,B000MMZHAO,B0006IKCHC,B000FDS48W
B000BTE33K,B000LFCP5M,B000FZ5HVM,B000GF0JJ6,B000QB6BMO
B000641ELY,B00004S7YW,B000Q5PEM8,B00027C7KC,B000784O4I
B000KNP926,B0007XQ2N4,B0002KHBRS,B00081HYFU,B000B7OSTG
B000Q5Z1FS,B00009L1WG,B000A8AZ0M,B0009IL1V0,B000GR03UE
B0006BAWDS,B000QE5ZUA,B0001DU34O,B000IG6EUG,B0009ANJOK
B0007X3BRO,B000CO2ELC,B000QE4BXW,B0007XMDHS,B0000CFOGT
B000J0B1MM,B000P9MI7O,B00006IDX0,B000G2HSB6,873495632
B0008GPWX6,B000CQI8XS,B0006A1HE2,B0009VEMH2,B0009WD3JE
B0002AL4EE,B000JQSV6U,B000BG1XGI,B0009VEMHC,B000FZ5HUI
B000ET8XDI,B000J4IH0M,B000EIEVDU,B000FKGHKM,B000LXWDC4
B000F56QDA,B0007W7OUK,B0001DSATE,B000A8AZJI,B000E57F9K
B000GBRPME,B0007UMXT4,B000ANIZ8Q,B000AV4OEM,B0001DU4JI
B0001DS1CK,B000FZ3SAY,B00008XPGI,B000FAHD0U,B000KNNKKE
B0001DU75Y,B0006MGL50,B0001DUJI4,B0001DUDAS,B000AMLQQU
B000KNI1G2,B000HF4YNM,B000NTELP8,B0009I3EXS,B0009KBIO8
B0001DTKZW,B000GD3L3Y,B000G0IG5K,B0007W8K62,B000N9IVJK
B000CS7KOY,B000BI3KQW,B00006IDXY,B000J4DN7O,B000QCM27Q
B000A6TBQI,B000FA38AE,B00006IDXZ,B000HF6UR0,B000QBB6CO
B00000ISLH,B000OVPF0U,B0009VEMFE,B000IN0Q1C,B00070QR1E
B000AO913S,B000OVNR7I,B0001DUKPQ,B0006LAXP0,B000EJU7SW
B000I1MPZ4,B0001DSBNY,B000J6AXV6,B000CD4OMA,B000P36TR0
B00097E988,B000BI1WHQ,B00083KRCA,B0001DU6RS,B00006IBK9
B0007LHJXS,B0009RP7S4,B000C2G0C8,B000F8XDV0,B000QCHVC2
B000I8156C,B000BQ7HUO,B000OVNNIG,B0007L6M9A,B00028DKL6
B000OVNN0E,B000EMCRP0,B00006IFJK,B000EFQO74,B0002TTLLS
B000OVNMZU,B000AIF174,B000PD0GC4,B00083KPFE,B000F8V2GI
B000AZ38GS,B000FWAEFE,B000J3GCK0,B0009IL28C,B000OVNMVY
B00083QL5M,B00004ZBPY,B000AE4WFK,B000BR7DY8,B000MRT2I2
B0009VEMKO,B00004ZBPT,B00000IS31,B00081HYQY,B000FCSKU0
B000FGK0AY,B000Q5GN96,B000AMSDK2,B000OVHYM2,B000NRW7KG
B0009PRWM0,B000C3CBZC,B0006IJZF2,B000OVK1M2,B000FNI6VM
B0007D2L5C,B000OVK2W6,B0007CIOKY,B000EJI93C,B00006IBKI
B0001DS8WI,B000A8BM5Y,B000KNN78Y,B000GBT9SM,B00006IBKC
B0006MZLQ0,B000J3X5XM,B0000CFOGC,B0006HIGP8,B000CDY33U
B0008FV4VQ,B000HDQBLW,B000E97050,B000GYUY9M,B0007XKGJ0
B000GKY9HE,B000NXGRGA,B000BQK9VI,B0008FUZ2A,B00006IF7L
B0006OJCO0,B000PIJZJY,B000KNPLCE,B0008DWXX6,B000B7OSSM
B000I6H6C6,B000BR4X1O,B000CSNVG0,B000B836KC,B0000AE68E
B0007ZY6FI,087659223X,B000N2EWRC,B000KI9TOA,B00020BP2K
B0001DSK8U,B00016ZDTG,B00006I9V8,B00081HYG4,B0002TMX9A
B000OVK3ZW,B0009PWYWS,B00005NMUH,B000HWJREG,B000IG6ET2
B000MARKNI,B000IXJNJ8,B000BY4TQG,B000GBPOWW,B000QE3ZJ8
B0009PRF4U,B000KVSU60,B000C16DI0,B0009VEMEA,B000FCEAPE
B000BRZWL4,B0000648AE,B000GAZ586,B000KRK468,B00004ZCMC
B0008DV6PC,B000LFEHY4,B000GBROF2,B000G29E3Q,B000F8MFXC
B00083ONC0,B0001DUB6E,B000NIRF8O,B0001DUP10,B000FZ6Z3G
B000PI6MJK,B0006IJVJC,B000B7Q93O,B000OVPAVY,B000701AWU
B000NHXI18,B00028DK2A,B000E7N0FG,B00006IFGM,B000FAHCPG
B000BY9XF8,B000KMENJM,B000KNNHZ2,B00083OSFW,B00006IF5N
B000CD2L3E,B0009IR150,B000NTENN8,B00006B7PZ,B000KIACKA
B0009VEMK4,B000789P4M,B0002TTGRC,B00006B7PY,B000KNJFKS
B0006HVVNC,B000EI411C,B000095JBZ,B000B9RVI4,B000MWQUKA
B000BPAGEO,B000PD0DSG,B0009YYVA2,B0009I3EYM,B000246F8A
B0002SRORC,B0002TTH9E,B000CD0U0U,B000E3E6GM,B000FCTC5C
B000KDZBI8,B000NP0K8E,B000F1MTYY,B000I6IN5A,B000PCYEFA
B000QE061I,B00083OPF0,B000E168FQ,B0009VEMEK,B000KNNEH8
B00005UOQU,B000BI1WYE,B0001DUNIK,B000B7OSS2,B00083KVS0
B000KIDZCW,B0006HIGTO,B000GRO7QA,B0008DWXWW,B0006HU7UU
B000KOVN6G,B0009VEM9U,B0000CFMP2,B000OVNLV0,B000GBRPH4
B000OVNNZ4,B000NWJTKW,B000OVNRXW,B00004ZCMA,B000Q6WA6U
B000I6ILZC,B000FAFJQ0,B00006IBKF,B000G6HRT0,B000IJFN28
B0009WUFBI,B000259FW2,B00081HYGE,B000EWPAXQ,B000I805X6
B000F8R8QG,B000LFCPD4,B0006OJEHK,B0006843G8,B0000E2RGH
B000OVHTX6,B000BVKDA0,B000FKHZO4,B00081ANQW,B0007ZHGXW
B000GIZUJM,1892127741,B0002IXR0K,B000KL4I5W,B000NLHUSG
B00015HRYQ,B000B83710,B000G6HVZK,B0006HIGOY,B0006VNHIU
B0009WZS88,B000PCVR8W,B000083CZE,B000068U61,B000QE8BCY
B000FAHG2U,B000OVNNOU,B000GBC2W2,B0000UJG3M,B000QC6TK2
B0006IYI3Q,B00023KJWE,B000LBBEQM,B0006OLQLC,B0006PKYZ0
B000P1PIM4,B000BRZWNW,B00007DTD3,B000E26HHO,B0006217MC
B000BN8XW8,B0009ORWCG,B000OVHWNS,B000AXTOZY,B000MWW7ES
B000K4Z9BQ,B0007TZY46,B000OVPDNE,B000KNP7X2,B000NXGR9M
B000F8T5OO,B000BIXNEQ,B000085J4Z,B00081ANYO,B000092T0L
B00004T7VU,B000BQ7HV8,B00004ZCMO,B000MQNKQ8,B000KZR1KM
B000AO4RFA,B0006OJ934,B000OVHZCG,B000NTBNEA,B0009VEMDQ
B0006OKNMU,B000IER4T8,B000BQLZB6,B000E92O56,B000JJI5EU
B000LXG0FA,B000FNG2G8,B000F8XC3Y,B00099QWOK,B0001DUP6A
B000OVJYV6,B000OVHUWG,B000NWN0BG,B000KNJFKI,B000641G9Y
B000E0ELS8,B0001DS5MQ,B0009IG1P6,B000O8IPXW,B0009RRTBM
B0008GIAI0,B000G6KGRA,B000068U63,B000OYFFXO,B0007XKGOA
B000KICKNC,B000LFGIDC,B00006IF5Q,B0006IJWUA,B00028DKKC
B000KNN9J6,B000GAXLDW,B00006IF5R,930113187,B0007ZDVUO
B000H7L5VY,B000EUJPCU,B000E0P9BQ,B00081ANY4,B000GBT9JG
B000OVNQR4,B000OVNRYQ,B000CBR4RE,B000QA3FG0,B000AN07JG
B000NUY6GQ,B000C17TEC,B000COEK3M,B0006N1QAY,B000HYNSMQ
B0001DUOI4,B0008GMA90,B00004ZCM1,B000Q9YY2U,B000B7M8XO
B000KNNKFO,B000OVNR6Y,B00004ZCM4,B000N77LCA,B000HF6ZLG
B000KGJA4Q,B000NW91UA,B000N9IVK4,B000JQSV88,B000980L0C
B000CFVPCA,B0001DT3YU,B00094C74Y,B000H5OUPE,B0008GCY2S
B00083KVKS,B000BI1XES,B000066SV3,B000MX9TPC,B000ILJKSY
B0007D2F8U,B000LXG0AU,B000BJNEP8,B000FNG2VS,B000JKDHK6
B000CD2JAO,B000K1UFCW,B000KKR6ZC,B000OVHWOC,B0001DRZHM
B000J0C64O,B000OVPBPO,B0006O8890,B0006HR3P2,B000HHLZM8
B000B8FXBM,B000CSNVFQ,B000140IN4,B0006HUJRG,B0009V2PZS
B000AXVP4M,B000JM6B7A,B0001DU2KE,B0001DT98U,B000FA1040
B0007N17ZW,B000GECD6E,B0001DUWBI,B000ASDD10,B000HBUQFQ
B0007YLFE4,B000HF4VAS,B000I647VE,B0008D7F6Q,B0000ARUNZ
B000N8JR9Y,B000OVHU58,B00081G2GM,B0001DTZV6,B000OVNR0A
B00081HYDC,B0007QRJXI,B00009UT5X,B000980L02,B0009VEMI6
B000GBRNBM,B000F7AMWE,B000E133DG,B0008DWXXG,B000A8BMDQ
B000OVHY36,B000B7Q9IY,B000F8R8HU,B0007CIOTA,B00006IC2B
B000641G44,B000HDU9PQ,B000Q32BW6,B000PCGX86,B0002WYH4Q
B000AM2N3A,B000I5UNAY,B000GFOU0K,B0009PU07E,B0007LI982
B000OVPE42,B000HYMPOS,B000PC2CZE,B000B4ZY2E,B000FZ925Y
B000EX0HKG,B00006IBFS,B000CD302K,B000FAHD64,B00083KRFM
B00081FKSS,B000HN5ZDW,B000BKRLHE,B000A86F0Q,B000E655DW
B000OVHW10,B0006V3HG2,B000JLBAJ0,B000BGSZ1E,B000KVZ9W8
B00022695Q,B0007QRJVA,B000F8VE52,B000QFG8ZU,B000NIOADM
B000CDY3IU,B000BYXF4S,B000OVNL42,B0007CIOT0,B000EHLK58
B000CEFO6E,B000I6H6R6,B00006IDZ6,B000FKLOKK,B0001DUKO2
B000OVHZQ2,B000I0QCOK,B00006IFH1,B000789P7E,B000CBUR64
B000I2FW2Q,B0006L9QTY,B000JE32VQ,B000A7MCUO,B000HV0EB2
B000K113FA,B0002TTH9O,B000CF93JM,B000OVHZB2,B000GBTARM
B000AE2Z1I,B000EW13WS,B0009VEMDG,B0001DU31W,B0001DSBQG
B000MWKW9K,B000MQLCGS,B000NWBVUS,B0000UJC86,B000GPLWE2
B000FGZ1NU,B000GBO9M8,B00000ISUU,B0001GAXU0,B000OVHZ6W
B00063NWUQ,B000FGEHYE,B0009RRTBC,B00026UQRE,B0001DS2VA
B000OVHUXA,B000C9MVH4,B0009I2FT2,B000GF232C,B0000DBJ2M
B000PD4K12,B000QE3Y7Q,B000F8T5XU,B000FGVIGY,B00009R8OE
B000QA2I9U,B0001DSATY,B000HF2PBK,B00004ZCLV,B000OVJY0W
B000KNLDGM,B000BP7KQG,B000CSR3JG,B0001DUWSG,B00080HLJK
B000AE64YW,B0001DTCP0,B000OVJYSE,B0007D2F7Q,B0006KSMFY
B00070OWL6,B000B9QGX0,B0001DSTBS,B0009IN1HM,B000C9MVFG
B000KAG3P6,B000N2JXYY,B000J09CRI,B0001DS4YK,B000OVK25S
B00083OND4,B000077X3E,B000B7QA0G,B0009IN1HC,B000641G2Q
B000B7Q9KM,B000A5CKG2,B000P0RLPW,B00000IUF7,B000PHKHYC
B0006V1XHW,B0000E2PEN,B000B7M8XE,B000NUY1PC,B00067OJK4
B000FWCYYI,B00008XPGT,B000C1S3GA,B0009IG1CO,B000AUXPIO
B000AMLR9G,B000FW7DXA,B000BS01KK,B0007XIIMW,B000F8V2BI
B0006HUP8E,B000GLKEQS,B000CFB1N8,B0006TUA8C,B000OVPGRC
B000A896D4,B000NNM1YM,B0000CFMTD,B000NIFKRM,B00020SEP6
B000I47KC4,B00074I7MC,B000BVIFQO,B000N2Y632,B0009PRX2E
B0007ZHH2W,B0006HG14G,B0001DUOXY,B00008XPC4,B000OVNMGE
B0006IK2FE,B00067OJMW,B00004ZCLS,B00008XPC6,B000931O76
B000AE65OG,B0006HUW50,B00004ZCLU,B0009XSDKC,B00009R7Y0
B000OUW8FQ,B0002LGUCO,B000FZ6Z0E,B00008XPCB,B000GBROPM
B0006N1QEU,B000KKVCV6,B000GLG7FU,B000NNPO64,B000B8369I
B0000BX8IS,B0006IK3L2,B000068U5X,1574864246,B0009HY7DU
B00067TUK8,B0009VEMHW,B000068U5Z,B000OYMDBQ,B0006OJAFG
B000OZ33G4,B000PSRHIA,B000EA8V9S,B000KIBSX0,B000GBAQ5C
B000PCVT3A,B0009JCV2C,B0009PD10C,B000J2D8QC,B000PCVUAM
B000A8AZ84,B000FONOMC,B000PCY91O,B000HFQ6QA,B0009VEMAE
B00078A7N0,B000DT8TUG,B000PD4I82,B000OVNPYI,B000LC00MK
B00083ON9S,B000HUX5MS,B000A86FLU,B0008F6R9U,B0009VEM72
B000COHFJI,B0007OSUD8,B0006IJSPO,B000FGIR7C,B00013MTVE
B0007NCPGW,B000OVPG18,B000JFBC58,B0000AQODN,B0001DUTAW
B000BS1UWS,B000H6KZYS,B000NWOHKO,B0000DBJ2O,B0009WID94
B000OVHWL0,B000LFCPAW,B0009IR3V2,B0000AQODP,B000GJDRYG
B000BTAFNC,B000FALINS,B000OVHZ3A,B000KNAI6I,B000PCWRMC
B000AFL16C,B000PC5UKI,B0001DSIZK,B000LXC5E0,B00009UT4N
B0007N1OCI,B000OVJYUC,B000BFVJ3Q,B000N30NNI,B0002RWYI2
B000P5Q87O,B000MK2QY6,B000H431OQ,B000FNG29A,B000L7V5JM
B000C17THO,B00066N5RS,B0008F6RBS,B000MRKED4,B000DZF41W
B00005V25Q,B000BD8MC4,B0002X4QMS,B00068TSGS,B00024JRK8
B00009RUCR,B000N8KFYK,B00073HFVC,B000OVPBTA,B0009VEM7W
B000H2J5IO,B000A86I94,B00008XPCZ,B000FVXTDE,B000BYT498
B000OVPDAC,B000KNN1WQ,B000FZ5I0C,B0006HXGP8,B000I6DIJQ
B000KNPKIE,B000BFZTAA,B00006IC2F,B0006MZPLG,B0001DTWYG
B000MRR9K0,B000MX69VY,B000BMS22A,B000I1HNME,B000A8BM0E
B000GI1MRQ,B00026UZD4,B00009OL6F,B0007YLFC6,B0006HXQNK
B0007LS8G0,B000JYJY36,B000AM9ZZ4,B000641EQO,B000GFWJDK
B000P5Q86A,B00083OML2,B000J09DHM,B0002IXN8Q,B000HF6ZNO
B000B836NO,B0008GK1Y6,B000NHVLAS,B000FA36EC,B0007NCOTA
B0007W2JTG,B0002YSHRW,B000OVPAX2,B000KNDLCG,B0007W89GS
B000KDYNCS,B000E6KMOO,B000MLQMHM,B000FFIRZA,B000BTLARM
B000GBROKC,B000PSZ304,B000G6DY2Y,B000NJCVN2,B000NRMBUM
B0009VEMJA,B0009PWYGY,B0006IKE7U,B000OVOKTC,B0002OVYXG
B0001DUW5Y,B000BHIAGS,B000B7S3ME,B0006HVN26,B000P0RDY6
B000KNNH3E,B0006H1LO6,B000PD07D2,B0000AE6BN,B000B9NAPW
B000GBO9S2,B00005C0VF,B00064U7X0,B000PAQJ7I,B000641G3K
B000OVHTIQ,B00004ZBPV,B0001DUJAM,B000AE64CO,B0000C0CJQ
B000QE67KM,B000AIDAKE,B0001DUWRC,B000NINH9U,B00083MH28
B000N3382G,B000BS1UTG,B000FA6AZ4,B0009VEM9A,B0006IKCHW
B0007TZY3W,B000BQVQS8,B00006IAP5,B00006RVTN,B0000WTVYE
B000MLPQLU,B000140KI2,B000BMS22K,B000KICSIO,B000F5VHQQ
B0001DT8ZE,B000FKLARW,B00083KWSY,B0009VEM90,B0002TTI70
B00009R710,B000AM2KBA,B000AN07KK,B000AMYJR8,B000OVH1UW
B000NWDHHI,B0009XOQF8,B0001DSIYQ,B000KNI1NU,B000I25VXG
B000HF6U3O,B000B7Q9HA,B000J2G0NK,B0006IJZQG,B0006ORAEO
B000NYEL6C,B000FAFK5K,B000GL1CEQ,B000BPRRGE,B000KNMEH4
B0009IL24G,B00073IGWO,B000KNJ52G,B00009K01F,B0000CAPF1
B00006I9ZT,B000BHIABI,B000140I7K,B000HYNSJ4,B0007ZFY40
B000HUV7BE,B000F8TCB0,B0000AE6BK,B00083OH58,B00070IPB4
B000AXRI7K,B000JM86AU,B0000AE6BL,B000GUP2KC,B0006FUG3K
B000793JYS,B000I1MO50,B0002FCGBY,B0009VEMBS,B000A5C0S0
B0009I52NI,B000AMB9R6,B000A88M5C,B00026UQPQ,B0006HXPZY
B000BMARB4,B000KNNVJY,848724836,B000PST4AY,B0006HXPZO
B000OVJYW0,B00016OYKA,B000ANLA2Y,B000J445XA,B0006HXPZ4
B000OVPGA4,B000CN9JB6,B000BS1UQY,B0009VEMB8,B0006HUQ4M
B000JGCO4A,B000MLSAHM,B000BY6U0O,B000ADYSVY,B000A88M6G
B0009YX4G4,B000PAPFA0,B0000B3OT1,B0009XJPCM,B0002V83VU
B000P8J8CS,B000AM2M8G,B0006OJARO,B0006OJAH4,B0001DTZL6
B000OVPGWM,B000PD8Z0O,B0002TTGOU,1578193915,B000O370A6
B000OVHU44,B00006IBKH,B0002TTGOK,B0001DSF4E,B0007RIYYA
B000BI7RXY,B000DZGJG6,B000OYFERG,B0002BBYIE,B000B7MUFK
B0006U263S,B000OVK0XM,B000GL1DEK,B000PVDSO4,B000TBA6EK
B0000648AD,B000PHEZPE,B0001VNQRC,B000BROVNO,B000P0HI96
B000BFZSQ0,B000ALCJJO,B00097CM28,B00016UVNE,B000L9C314
B000BG1X9U,B00006IFGJ,B0001DS88M,B0006IK1L4,B000A8B1QE
B000HBUTEY,B0006IK1OG,B00083MUG6,B000J0A8EO,B000ESBLGA
B000KNLQT6,B000HLOCJC,B0006HB9KM,B000E59LRE,B0007XMDGE
B000OVNPXO,B0000AE68F,B0001VNQHC,B000OVJX7G,B000B8LEWO
B000F4S3Y6,B0006SKYI4,B0009VEM7C,B000HUTACM,B00028DKKW
B000G02RDC,B0009VEME0,B000AXI856,B0009I52NS,B0007ZJ900
B000KNLSX0,B000E23RSQ,B000KNNVH6,B000LXE8PE,B000JLN3KE
B0007W5RAY,B000OVHWN8,B00064U7YE,1929180802,B000BNVH8U
B0007YEEBA,B000OVPFNW,B000BMRVPE,B00008XPCQ,B000OVK2HQ
B000P5Q84W,B000FKLOLY,B0007ZJ8TM,B000HUTAM2,B0000A985D
B000HXMOXG,B0006GBSXG,B0000632QJ,B000ETMBJK,B000JQM1DE
B000KNJTBI,B00004Z6XJ,B0006SDOFE,B000NXET1K,B00083MOJ4
B00006IEHY,B0007XMDIM,B000KNNIOW,B0009IN1HW,B0000DH4KT
B000Q5M8Z4,B000EFOG4W,B000KGUJH8,B000H6KZYI,B000AIIBMG
B000E9TCJC,B000MATIO2,B000B7S3LA,B000GIK4T8,B000BKTGLI
B000ODUQAW,B00081G2UI,B000MATGHG,B000QE3Q6K,B000EFJP6Q
B000OVHU4Y,B000KKIQXI,B0009VS6RE,B00000ISBK,B0008GMGZ8
B0002KHBS2,B0007Z3J0G,B000FAJEJ8,B000G0KGAI,B0002KNMB2
B000F58SDG,B000CC8NQ4,B000I5WU2S,B000B7Q9DE,B000KJVRUI
B000J0C9VE,B000KNNIQU,B000P1NSJY,B000QDTYOE,B0006HB9KW
B0006HUIYA,B000ANJT6I,B000NWJCYK,B000A89684,B000BQR2EK
B000FZ5HW6,B0006SJTAI,B000B7M8WU,B000BR28KC,B000641I1A
B000DZEALM,B0000BYCNB,B000BS1V40,B000UYDG1Q,B0007IIUXY
B0009OE06M,B000GPGJPE,B000B75TSU,B000DZBHOK,B000BI3ALW
B00081FOQ6,B000HV2U6O,B000IGMQ1C,B00013MU54,B0006IJZGQ
B000MP0B20,B0009HAELY,B00004U3FX,B000KGYDS4,B000HF6YX0
B0001DUGLE,B000TC07HK,B000AMBAOI,B000CCEIHW,B00083KVO4
B000KQT384,B0002DD2SC,B0001DT976,B00006IE0Z,B0009VEM5E
B00083QQ2U,B00004ZCM3,B000HUX5CS,B000GL1FVG,B0001WAOF8
B00074B5SK,B000OVPGDG,B0007XPZZ0,B000FAJF4M,B000GPMD68
B0007P5JUE,B000EGTIBM,B000KGEY4C,B000G29FW6,B000GPWPQQ
B0002X4QCI,B000NNB4O0,B000A8AYO4,B000FGKD6U,B0007ZHGWI
B000EFOEXU,B000Q614BM,B000GLUPVC,B000BYVMIE,B00004T80Q
B000KI9R2O,B0001DUHWW,B0000CFMTJ,B000LS1T92,B00006IE1Q
B000PCWO70,B000HHE42G,B000OVHTB8,B000BRMZGE,B00004T80L
B00097CMEG,B000BI1L6S,B000PCWLK0,B000N47FGK,B0001DS5ZI
B00000J472,B0007PC9C0,B0006N4EYY,B0009IN1MC,B0006HX1DU
B00008XPIL,B000BQRCE0,B000MUSYU6,B0007ZDVV8,B000KIDVJE
B000GBTAL8,B0002VA9NA,B0001DUOSY,B0009ILH32,B000JZ1XLQ
B000OVPEQU,B000FMFMVA,B000DZC6OU,B0007XKHMQ,B000KNPZCU
B00008XPIX,B00004ZC8A,B0006OJAIS,B000MAJQXA,B000OVNKWU
B0009XEL1W,B0007QRJTC,B0006FJ7M6,B000068U5Y,B0006HXQOO
B000OZ05X8,B000B91B3K,B00013MTUU,B000OVPG86,B000EFQ2I0
B0009WWVP6,B000GKW552,B000GK48M0,B000QA11IO,B000LPDS1W
B000HF6YQ2,B000OVHVU2,B0001DUNXK,B000F78M6C,B000C1YSC8
B000GBRBT6,B000789CDQ,B000CO2FGQ,B000GHF34U,B000Q30C3G
B0009VEMIG,B0006MZNR2,B0001MBKX8,B000AKQG8U,B00006IAU4
B000EQ2EJU,B000PCYL1C,B0002DMZ2Q,B0007NCOWW,B00068OZXY
B00018ABE6,B0007WC4WI,B000GAQFPS,B000GBT9F0,B0009OOAHG
B0009VEMIQ,B000OVNOYE,B0000UJC7W,B0001DSJR2,B00004RBRF
B0006IYJJE,B0009YKZZM,B00083KPCW,B000BS1V54,B000BQQM0U
B000HYL14I,B0009YKZZ2,883636301,B000B7S3AQ,B000OYJF0I
B00000J3M0,B0001DUCIQ,B000P1PW7A,B000AM2MMW,B000A5CKGW
B0000E3IFZ,B00009XVTK,B000GJDRJG,B00013MV3U,B000GE40DS
B00083ONAC,B000PH0I6Y,B000OVNSTU,B000FJCOWS,B000MQQFAQ
B000GFJA5U,B0001DUMEA,B0000WU120,B0000AQODQ,B000HYPS2Y
B000OVHYLI,B000IKD1BW,B000N1MLJE,B000PYDJF4,B000C38DHM
B000B7K9TO,B000Q5XP38,B00008XPD2,B0002X4QKK,B000FNIQ26
B000GP5L4E,B000J5OVOW,B0000A9859,B000ADYTSQ,B0000AQMTZ
B0002BRT4C,B000BNXUFI,B000CSPP0K,B000J0EBOM,B0001DS4SQ
B0009RRTE4,B0006HUJR6,B000C38AKM,B000FALK0E,B000BUQPEE
B000HAP4QS,B000BQ5H9W,B000PHIL4A,B000H83520,B0000AE68C
B000KIBWJA,B00097E9S8,B000KNJQ98,B000HF0NR8,B000199HTU
B000AXPX9A,B000GJVGQC,B000EX0HA6,B00006IE1G,B000G6HRZE
B0007NCQ0W,B000PD0DAY,B000LFGJA4,B000BYQLT4,B000JJNJDC
B000KNJELI,B00097E9TM,B000A10J5U,B000OVNO6W,B000OVK21C
B000K9DJ18,B000641EPU,B0000A9856,B000KNL9PM,B0001WUWR8
B0006IJP4S,B0000CFN7S,B0006IJZI4,B000C1BO4S,B000FA1WPM
B000OVPBL8,B0009I864K,848724747,B0006IJZG6,B000I1MOFK
B0009EU1H4,B000FAHCCE,B000E148DK,B000PS8LQM,B0002MG7U8
B00068O336,B000OVNR3M,B000OVK12M,B000KIBQ46,B00006ICJT
B000AXTONG,B00006IFFG,B000KNJPYY,B0001NRWD4,B000H6YDIW
B00067AGAG,B000KNJ8WS,B000FIAWIC,B0006IJZU2,B0009HHY12
B0001DUB9G,B000DZASV8,B000N23NRC,B000I6H4VE,B000HF0FRQ
B000PVDSNK,B000BI7KQS,B00008XPFP,B00026UQ88,B0000E1GC9
B00074W9NK,B0001DUD80,B000FAJF3I,B000HF03K0,B00081ANWG
B000ANHRBM,B000GBROYI,B0006OJAHY,B00006IE12,B000O103DO
B000P5Q888,B00094CG6S,B000JF53R6,B00006IE16,B000GB247A
B000OVHZOO,B0000CAPEV,B000OY41X4,B000F3O1I4,B0001DSHF6
B000F8QZOW,B000PKSX40,B000NZS5MC,B000MKDA5A,B00083OZQY
B000LP8IRQ,B0009I1EJ4,B000KFW850,B000E7P7BQ,B000A35Q1K
B000LGVVNI,B000OVJYAC,B000BFVIF0,B0006TUAGE,B000PD0BNI
B0007XPCKI,B000OVNMFK,B00080M8PC,B000A86FGK,B000JS55OY
B000OVPG04,B000BHIAFY,B000A86FZQ,B0001DU0FG,B0006HUJ0S
B0009VEMGI,B00013MUVS,B000B836GG,B000AM9Z54,B0006HXI56
B000BYU0SM,B0002TTG5E,B0009VEM54,B000KI87Y8,B000CFB1WY
B000N4VYRQ,B0002FCGA0,B0001DU7M2,B000BLS10O,B000KNHSUW
B0006TUAN2,B0006HURBO,B0006HXP8G,B00006IE1R,B000J2HBA6
B000PCVMPK,B000789P74,B000NNO04Q,B00006IE1P,B0002RWYIM
B000OVK0HS,B000BRMZ9G,B000LFGJF4,B00006IE1T,B000B836P2
B000PST6KC,B000CKVTM6,B00028DK20,B000OVK0SC,B000BS3PBM
B0007WC58G,B000PDK9ZI,B0007W6QW2,B0001DSIHI,B000B836PC
B00064U7T4,B000IDOJ38,B000FPF4PG,B000GTNEEO,B00006B7P6
B000B57HFA,B000NNM2RI,B000KNI8W4,B0000AQNLW,B000A56PUO
B000I6H7LG,B0001DSL8E,B000KGCRAK,B0006FLZ94,B00005C1J6
B00064U7FS,B000J3RUJM,B000AMQFDO,B000NHS0MK,B000GQTM1G
B0009V0V54,B000J380QO,B000BPK8NS,B0006HXQQW,B000CS95B0
B000P16SYG,B000HDQBEY,B00097HXHM,B000EWUVMG,B0006Z68KK
B000OVPH94,B000IFA2UA,B0006FJ2AI,B000A8BLVE,B0009XLUO8
B000KNHRIU,B000IG2OUU,B00070QQZQ,B000I5RY5G,B000N2VE7I
B000HF04L8,B000B7Q9FM,B000KNJUBW,B000KKTI4O,B0001DS85A
B00070QR00,B00006IEEW,B000BQT3WO,B0009O1ELG,B000PTD7L0
B00064U7TY,B00074VAF8,B000FNI6AI,B000PCVU5W,B0006TUAL4
B000OVHUVM,B000BPQI0U,B00006IFBO,B000OVI0PM,B000PFQ7FW
B00097E98I,B000EHJNPM,B000BYM4YU,B000A88MSE,B0006SDB8O
B00064U7TO,B000291Z4Y,B0009F76BM,B000NHXJ26,B000C1OZKS
B000AO6TMO,B000OVNLY2,B000KBDAS8,B000BYQJWI,B000GF3JM0
B000641F1I,B000E3XMK8,B00081FKVU,B000GAXPGK,B000JJMI52
B000AE2ZP4,B0002X4QMI,B00013D2TW,B0001DU22C,B000ODUMBU
B000FALH02,B0006OJAE2,B000BRSNZQ,B000CBSO78, 
B0008GGTZ6,B000FIOU26,B0007XKCUI,B0000CAOGX, 
B000ETUE12,B000FNI6JY,B0000AY9WE,B0007QMTDS, 
B000KNLTAM,B000GJ75K8,B000OVJZ6K,B000092T0I, 
B000HI9236,B000BY9WHC,B000OVHZXK,B00008XPG0, 
B0001DS1RA,B000A8AYM6,B000BY9038,B0007YG7AQ, 
B000KNPY58,B000FALEVO,B000OVJYIE,B00007M9ML, 
B000BKQDBE,B000FNG2K4,B000641EK0,B0002Z1HMS, 
B000BR3WPW,B0008GMSNS,B00083MMT6,B000FKHZI0, 
B000AE50IS,B000F8R226,B00081FKV0,B0008FUYY4, 
B000OWNOKM,B0006OJAEC,B000F8R730,B00004YSXT, 
B000OVK186,B000P0LNRE,B0006ORC7Y,B000CSSASE, 
B000ANLAQA,B000P1PH98,B00006IAGW,B00005NWQR, 
B000F8XBQ2,B000AMQMRI,B00006IAGY,B000M5CL6Y, 
B0002VR6ZO,B0002LCWBM,B000OVPEYM,B000BS5PJC, 
B000OVJZAG,B000P1R7DW,B000GKXXV2,B000789RSQ, 
B000J0B1OA,B000B7M8YI,B000G2BDO4,B000271KQ4, 
B000EM9OEW,B000JKVEBK,B000I6H57C,B000CBURR8, 
B0006V1TBM,B00026UO7Q,B000A88MSO,B000BR28LG, 
B000G6FPEY,B0002YSWFY,B000IBMJMS,B000BKO6J0, 
B0007YZ44G,B000B7W15O,B000DZBHHC,B0007YEG0E, 
B0007ZDVUE,B000I6FA5G,B0002TTLJK,B000QDZ2Q8, 
B0009FJEV2,B000F2IARI,B000BQPNVY,B000J3RSWQ, 
B000GBPNJQ,B000NFC0TG,B000A0PZHI,B000KIE8S2, 
B000OVHW7Y,B000P8U14C,B000GKXY4S,B00013MV30, 
B000NVPMMW,B000OVPHKI,B00008XPFR,B000MQJ67A, 
B000A896F2,B000OVHWLU,B000MLZ7BY,B0009OOAIU, 
B0001DU1QE,B0007XPYZ6,B0009VEM4U,B00006498M, 
B0002TUVQ2,B0002ILY96,B000AXVOPM,B000F0GRV6, 
B0009IG124,B0006HFSG8,B00097CM1O,B000OVK2LW, 
B000KVY1IG,B000MB9FGW,B0001CUN7M,B00069QPZY, 
B0001DSAF8,B000AM7YPC,B00006IDOJ,B0009DTDYM, 
B000P4WKIQ,B000CF70NI,B000KKTJD4,B000OVNMQO, 
B000FA1JZU,B000CCXYS6,B0002MICPG,B00008XPF1, 
B000I20JOW,B0001VNQMM,B000P0QNWY,B0000BYD50, 
B000AXPWUA,B000HYOH6M,B0006V1SLS,B00006IDOV, 
B00008XPGL,B0006O8IFY,B000FAJF2Y,B000CQYGKC, 
B000C1Z2UA,B000Q5KVL2,B000BOCAMG,B000189RV4, 
B000B7S32Y,B0006TZM8A,B000N2ZXLG,B000JFI15W, 
B00074I7C2,B00064U8FW,B000GBTVMQ,B000PSDKHC, 
B000J34644,B000I5HPKA,B000A86FW4,B0001DSNMS, 
B00081HYF0,B000FAJFEC,B000BM6HG8,B000KNLGKK, 
B000OVPCBW,B000F8T5GW,B000P8J8AA,B000CD4YVQ, 
B000DZGJJS,B000KNDMLG,B000EIGV5Q,B000OVI0DE, 
B0006IJZCU,B000PAQ42S,B00005NWQY,B000OVPAK0, 
B0009WY83Y,B0009I865E,B000IG87QK,B00006IDOQ, 
B000BR2HNA,B000AM9Z8Q,B000BPZ51I,B0000WMYZM, 
B0008IST6Q,B000HF2L96,B0006OR8SC,B000B7OSSW, 
B000KNPEOY,B000LPDTVQ,B000FZZ0CI,B000OVNM8M, 
B000OVPFOQ,B000J0AZ0G,B000OVJXFS,B000CBSNGU, 
B000P0LI24,B00006IFJQ,B000OVPDHA,B000NPIBH6, 
B000BQUTMW,B0006NI4FO,B00006IA9F,B0000A9ZDD, 
B000J368CW,B000OVHX00,B000OVPDHK,B0007LS8CO, 
B000KGJA46,B0008GCY4G,B000AM9Z4K,B000HXQ8OM, 
B00070MHLI,B000GT6TVO,B0006HUQT2,B000A8BLZK, 
B000CN8TSA,B000AO9Q92,B0001DUHIG,B0000516K4, 
B000KNPKOI,B000BRLIIK,B000NWMJEK,B000GLKAOE, 
B000HF2A1K,B000MWXPKI,B000S11SOS, , 
B0009VEMFO,B00083KNXS,B000FAJFD8, , 
B0001DS8R8,B000OVHUVC,B000OVJZDS, , 
B0001DSKBC,B000KNPFGQ,B000MAPM2O, , 
B000PD0C64,B000I84R2G,B000LXE8CC, , 
B0009VEMHM,B000GRA7M8,B000BYU19U, , 
B000OVNNIQ,B000JK4E58,B0000UJFUG, , 
B000G6KHEC,B000OVI0RK,B000G011Q6, , 
B0002IXS6S,B000E7FF4U,B000FFT1DM, , 
B000NWV82O,B000KNJ85K,B000BZZ1D0, , 
B000HT8U9M,B000BKYB2M,B000HHM20M, , 
B000PCWO6G,B000Q2CIO8,B00006498L, , 
B000OVPDO8,B000EBHW4C,B00006498K, , 
B0006O02FS,B0009NT5OU,B00004OCKL, , 
B000GBC34E,B000Q9YZ10,B0001DSIGO, , 
B000K9FH5O,B000JLMY7M,B0000CBK1M, , 
B0001DTN86,B000BFVIQY,B000KNP84U, , 
B0002IV4OG,B000099ZCH,B000F8XIBA, , 
B000GBT8TM,B0009VEMBI,B000GAU6XK, , 
B000HYL2QK,B0001DSJ0O,B000OVPBJ0, , 
B0006FUHH0,B000OVJXSA,B0000E2PYB, , 
B000IZPO30,B000BI3A4O,B000KAHGKW, , 
B000PKUHJY,B00080M8PM,B0009WD3I0, , 
B000MP3U9Q,B000EINVFE,B00008XPDB, , 
B0008327OQ,B00092PX6U,B0006N72SY, , 
B00006B7Q9,B000A8AYMG,B000GBO8ZG, , 
B000GPCX3Q,B00017USRM,B000BYQLXA, , 
B000B7OST6,B000OVK32U,B000J3X6HW, , 
B000HF88DY,B000MWU8E4,B000A8BMOA, , 
B0001DUDAI,B000N35AFY,B000J07D1A, , 
B0009WUF8Q,B000KNNB2Q,B000FKHM8S, , 
B000EYAZI4,B000KNPMHS,B000BQU382, , 
B0007XKHNA,B0006HFSFO,B000NWKO9M, , 
B000P1SLG4,B000BGSZ3M,B000BR827U, , 
B000FGM51G,B000OVHU6M,B0001DUU38, , 
B000EC6HM4,B0008GQ55A,B000JKZGRS, , 
B000062XQJ,B0006BATQI,B000MAOH66, , 
B0007OSUDI,B00004Z6U1,B0002MQ7DU, , 
B000KNNOGE,B000CF94C8,B0001DUU3S, , 
B000NUXIU6,B0001DT3QS,B0001DUJCU, , 
B00067T9YU,B000GWKYO4,B000NWML20, , 
B000OVK0GO,B000LPDS30,B000KO1CJE, , 
B000H6W2XA,B000GOZZBE,B000MUTV26, , 
B000HVLJD4,B000FAHEWM,B0000AE6BY, , 
B000PJG51O,B0002LGUDS,B000GRBBA0, , 
B000AM2MU4,B000JQQTGY,B000PCWS9E, , 
B000OVPH8K,B000BYVMHA,B000BYT29K, , 
B000GBO7OI,B000GB4V80,B00070QR2I, , 
B0002ZS3CU,B0006VBSH2,B000B7W7RQ, , 
B0001DUJF2,B0001DTYGM,B00009R8XD, , 
B00008XPC7,B000BS1UPU,B000HT98DO, , 
B000HBWH4Y,B000B7W2S0, , , 
B000GOUDTS,B000HZMW54, , , 
B000PSQ0Q0,B00083KRVG, , , 
B00005R0A2,B000I3Z6JY, , , 
B000F8R3A2,B000LFAY3C, , , 
B00066261O,B0001DUKHO, , , 
B000065DPA,B0006NI4EU, , , 
B0006HFSCW,B000HDU9UG, , , 
B000H7L65Y,B000AMBACK, , , 
B000OVJWXQ,B00020SEQA, , , 
B0007ZJ8QU,B000CQICBG, , , 
B000OVJWXG,B000J40MU0, , , 
B0002ABB6K,B00006IB96, , , 
B000CR4EEE,B000BQM5CO, , , 
B000HF6ZE8,B0006HIHHA, , , 
B0002GTG0M,B0009VEM86, , , 
B00004ZBT7,B000OVI0AC, , , 
B000FDTJWW,B0001DTWXW, , , 
B0007NCP12,B0009VEM6I, , , 
B000GAWGQ0,B00008XPA2, , , 
B00006IFAC,B000OVJZCE, , , 
B000NVR266,1892127180, , , 
B000A8B1Q4,B000BMT64I, , , 
B000IJFMC4,B0009VEM68, , , 
B000OVJWJ0,B000GAQ5AS, , , 
B00076Q7WM,B0000DD2WW, , , 
B00081AO0M,B00006IC14, , , 
B000HXSC3W,B000N2IMWI, , , 
B000GRCMSA,B00093GD7W, , , 
B000GAN84Y,B000GWE8TQ, , , 
B00005AYA6,B000OVPCMQ, , , 
B000NDGS46,B00097HXPE, , , 
B000GJ75M6,B000PCCJYI, , , 
B000140KIW,B0009WID80, , , 
B000QDU61O,B0001DTFNE, , , 
B000OVK08M,B000K9DKDU, , , 
B000MK61ME,B000PCWU10, , , 
B000GBT9AK,B00005OB8N, , , 
B000NDGS4Q,B000P8HQ22, , , 
B0009WWVOM,B000MWSV0W, , , 
B000N71CQQ,B0006OFSBQ, , , 
B000OVPESS,B000A8AYYY, , , 
B0001DSKBW,B000F0PLC2, , , 
B000GII5SU,B000HHK8WG, , , 
B0001DUCJA,B00006IE0I, , , 
B00073IH28,B0006TZMAI, , , 
B0002TUVN0,B000136P6Y, , , 
B0006SGL9U,B000EM6RYC, , , 
B0007YJ74E,B0000YRT1Y, , , 
B0000C9W4F,B00004Z613, , , 
B000B836KW,B0001DUGZA, , , 
B000BHK8JA,B0001DS0YE, , , 
806998075,B0001DTXHW, , , 
B000GAWEY4,B0008GLYMO, , , 
B0006HUQ88,B000BHN5YK, , , 
B000JKZGLY,B0009VEMAY, , , 
B000NWDXFE,B000E67ZO4, , , 
B0001DT41C,B0001DT1XS, , , 
B000PCYL0I,B000BPZ536, , , 
B00006IBKB,B000KH75II, , , 
B00006IBKA,B0001VNQKE, , , 
B00006IBKG,B0006SDOG8, , , 
B000AE65P0,B0009J18VW, , , 
B000IVPWB8,B0008JENY2, , , 
B0006HUJOY,B000HE56OE, , , 
B000BQX0WI,B000BROVMU, , , 
B000AXVBV4,B0006IJPTI, , , 
B000OVK168,B0007TYQ3G, , , 
B00006IFGK,B0001DSGO8, , , 
B0006OLZGS,B000K0G3KG, , , 
B0001DU0OM,B00006IFNA, , , 
B000GX9LRE,B0008JGL9C, , , 
B000OVNLVU,B000KMDAIC, , , 
B000BROV02,B000OVHW9M, , , 
B0009J8UUY,B0000DBJ2N, , , 
B000P1PIQA,B000B7Q9CA, , , 
B000CBSNLK,B000JKVE88, , , 
B000I6IK80,B000140IJS, , , 
B0000CBK1L,B000OVNO9Y, , , 
B00007DTD2,B000FAHARQ, , , 
B000EVXAPW,B000GHO5NA, , , 
B00099E364,B000NDCWU0, , , 
B000OVNSM2,B0008ELB5Q, , , 
B000OVHZMG,B00006IFNB, , , 
B00005NWQS,B000OHKF22, , , 
B000MT7TGM,B000Q7SP6S, , , 
B000OVPFX2,B00008XPFW, , , 
B000KNJC1U,B000KJZ7N6, , , 
B000AO2VZS,B000GQQ2XM, , , 
B000J0TCGO,B000AXPIOU, , , 
B000GRBDR6,B000GI0SOE, , , 
B000OVPBHW,B000NQ63HU, , , 
B000I22KEE,B0002X7XX2, , , 
B0002COJ26,B000KBH8ZO, , , 
B000HXQ8PG,B0000BYD56, , , 
B000G6DZ96,B000HUZ7MY, , , 
B000HVJQWA,B0001DSGLG, , , 
B000OVK27Q,B000AMNKOG, , , 
B000OVNKXY,B0007NCPSA, , , 
B00004ZCMI,B0007NCP62, , , 
B00004ZCMM,B00083QN6O, , , 
B000OVK27G,B00024WNVI, , , 
B000OVNPIY,B0000CFN7Q, , , 
B000H6NTD2,B000OVJZWE, , , 
B000E3V2KU,B0001DUPY2, , , 
B000OVNLH4,B000OVHTAY, , , 
B00013D2WY,B000BKP33I, , , 
B000BYVJGE,B000B8WOBE, , , 
B0002254VQ,B000KNN9TG, , , 
B00083OPC8,B000GJBR5C, , , 
B000I6H5PO,B0009E34IW, , , 
B000068U60,B000BYXF7U, , , 
B000FWCEIY,B000696B4E, , , 
B000AQV2QA,B000FZ3S9A, , , 
B0007LHJPQ,B0001DS6WU, , , 
B000OVK31G,B000H2UFRO, , , 
B000HF86QS,B000I6DGZM, , , 
B0009WIDFS,B000F8VE2K, , , 
B000ETWHQM,B000HFQ6LU, , , 
B0001DU2YA,B000OVK3BG, , , 
B000J0APUQ,B000G27BMW, , , 
B00079YJBK,B00006IFBS, , , 
B000C1957G,B00006IFBR, , , 
B000Q200ZC,B000OVK2AS, , , 
B000N4U90E,B000Q5JLKY, , , 
B0006HIGWQ,B000HJXR6S, , , 
B0009UAZI8,B000F3O1IY, , , 
B000A3TUC6,B0001DUP8S, , , 
B0001DU9HU,B000K9BPE6, , , 
B0007XM9SG,B000MVGRMM, , , 
B00099QWOU,B000BI5D4E, , , 
B00004ZC88,B0001EKEJM, , , 
B000IGAL8W,B000GIEULG, , , 
B000HF6WQY,B000BYU186, , , 
B000MUO23Y,B000BYVMF2, , , 
B0001I28II,B000FNE044, , , 
B0009U7MSY,B000OVPEOM, , , 
B000NK8GGM,B000B8YPHK, , , 
B00006IC15,B000BYVMFC, , , 
B000AMNT92,B000I5VI9O, , , 
B00006IC18,B000FGKD7Y, , , 
B000002J7X,B000BI3ALC, , , 
B0006ZIHM2,B000KNJCZQ, , , 
B000H9X9NY,B000NWWQL6, , , 
B000JJ16BE,B000JF3IJG, , , 
B000BQWUQU,B000L1Z4HM, , , 
B0006SIBN4,B0001DUJLQ, , , 
B00008XPBN,B000GJ3746, , , 
B000FNI6YE,B000NFGDDK, , , 
B000C028LM,B0007WIE2M, , , 
B000K9BOZQ,B0001DUCDQ, , , 
B000GKW8VI,B000A7OPAE, , , 
B0006HUPAM,B000BQKMW4, , , 
B000E3X4NS,B000FS6KTW, , , 
B000PJL8AC,B000HF6YHG, , , 
B000E7A9ZK,B0001DSIVY, , , 
B00013MTL4,B000J07AQI, , , 
B0001DSARQ,B000B7Q9BQ, , , 
B000GBRN3A,B000F4RBZI, , , 
B0009WD218,B000FEWBQC, , , 
B000KNLQKA,B000IZ6W7W, , , 
B00004ZCLZ,B000G2BDOE, , , 
B0001DSADA,B0006IK1UU, , , 
B000KNN888,B0001DUCD6, , , 
B000BQWUQ0,B000FVV3DW, , , 
B0006SCNQK,B00005N527, , , 
B00013MV7G,B000A8AZ8Y, , , 
B0000A9DVT,B00008XPG3, , , 
B000JJMI48,B0001DS1GQ, , , 
B00006IV4K,B000A88M0C, , , 
B00083MOB2,B000CCCWF2, , , 
B000OVHYO0,B00008XPGV, , , 
B00009VFDK,B000FSCTAQ, , , 
B000GT6NOM,B000KNNY5A, , , 
B0006MZNNG,B000NXB47M, , , 
B000OD45MM,B00006IFAO, , , 
B000EIRHU4,B0009WID3K, , , 
1564772829,B000PNEWVU, , , 
B000K9BP0U,B00019DTR6, , , 
B000AM2ME0,B000CBSNGK, , , 
B000BFVJ2W,B0002LCWP8, , , 
B0007ZFXW8,B0006FUGR6, , , 
B000EVSCFK,B00005NWQX, , , 
B0007CGTSS,B00005NWQV, , , 
B0007Z671O,B00005NWQT, , , 
B0008DWXV8,B0007XOBEG, , , 
B000FNIPMW,B000PW4ET6, , , 
B000A8BLRS,B000E864JE, , , 
B0009XJPAE,B0008GNZV2, , , 
B000BOA7R6,B000KJAA9M, , , 
B0007LILX0,B0006IK236, , , 
B000EM9OQA,B000FAHCD8, , , 
B000KEWHPM,B000BS3P7Q, , , 
B0001DUB46,B0006HUQJC, , , 
B000NUYRLA,B0006NI6HU, , , 
B000BGSZFU,B000OVHZIU, , , 
B000J0CDYM,B000F9467Y, , , 
B0007SN0J8,B000KNLD26, , , 
B000HVLIJ4,B000I5UPEI, , , 
B000FA3NKY,B000CFB1QA, , , 
B000GBT7X4,B000CO2FDE, , , 
B00008VWO1,B000OVK37A, , , 
B000BWHXFW,B000BROVKC, , , 
B000B7K9RG,B000OVNLNI, , , 
B000CCRX7O,B000BQKFAI, , , 
B000HKVUFW,B00083OP7S, , , 
B000N92C9A,B00006ICJY, , , 
B000NFDUIG,B00074W9LW, , , 
B0000VZ18A,B0002WYH1O, , , 
B000B7OSRS,B000BXFN94, , , 
B000FAFK5A,B0002WYH1Y, , , 
B00004ZBT8,B000OVHW92, , , 
B00004ZBT9,B00081ANSA, , , 
B000H6F0YI,B00006FRRO, , , 
B000GOYC2C,B000B7K9UI, , , 
B000TC3VQY,B000KNB9XO, , , 
B000QE358O,B000FAJEIY, , , 
B000IM3MMS,B0002HRLUS, , , 
B000NW5J6U,B000FWAWHO, , , 
B000KNLD76,B000OVK2ZI, , , 
B0001MTUN0,B0002WYH14, , , 
B000F0VUUE,B000B91C48, , , 
B000FZ9254,B000CNXLBU, , , 
B0006IJS4U,B000GBOB1M, , , 
B000P1UHFM,B0001DUCC2, , , 
B000GJFO6U,B000B73L6W, , , 
B000FMNGP4,B000OVJX26, , , 
B000GAO33Y,B00007M9FC, , , 
B0001DTHS2,B000F5VHRK, , , 
B0002FCGAA,B000OEF7BE, , , 
B000GIZUQ0,B000C37O2C, , , 
B0006MZNQS,B0008F6QX2, , , 
B000OZ5YC0,B0002YF25C, , , 
B0007R6QU4,B000G25J6M, , , 
B000MQN3W4,B000NOVKRU, , , 
B0007NCOZ4,B0006HWZ0A, , , 
B000KNHSLQ,B000OVNPW0, , , 
B000PD742Y,B0001DSGRU, , , 
B000E7P7AW,B000FV8P0Q, , , 
B0001DU1RS,B000638HS8, , , 
B0009VZ9YW,B000LPC5O8, , , 
B000K9FH5E,B000OVPB4K, , , 
B0006V1TU8,B000LXA5D8, , , 
B0002VR6YU,B000LXWLO4, , , 
B000GI4YX0,B000BRLIOE, , , 
B000A88MWA,B00028XQPQ, , , 
B0009POD8Q,B000I1J3UY, , , 
B0006N1PZA,B000IT4O0U, , , 
B00006B7QA,B000OVNLXI, , , 
B0009XOQDA,B000F8XIYW, , , 
B0006VBPCA,B0001DUBWI, , , 
B0000E2PVM,B000J3815O, , , 
B000H6E5RG,B00009UTW6, , , 
B000QE7ZCG,B000IOBVF6, , , 
B000OVK31Q,B000LLX4EW, , , 
B000I6H48M,B0001DUTM0, , , 
B000PSBYBG,B0001DUKVU, , , 
B000B9SPLQ,B0001LQNYK, , , 
B0002J5GWQ,B000OVJZUG, , , 
B000N8YS5M,B000KNL6Y6, , , 
B000BQWA3I,B00006IDLU, , , 
B0009ZHF18,B000OVNL3I, , , 
B000AMPD5A,B000HDQBFI, , , 
B000N8YS5W, , , , 
B0001DT9Z8, , , , 
B000PCYCIY, , , , 
B000HFEKSQ, , , , 
B0006VBPMK, , , , 
B0006IK3KS, , , , 
B000H6YDBY, , , , 
B00073HFVM, , , , 
B000AMYJS2, , , , 
B000684DXG, , , , 
B0006O87CS, , , , 
B000EUJQ2Y, , , , 
B0009WD35I, , , , 
B000G2J5QW, , , , 
B0001DT2PU, , , , 
B0002WYH4G, , , , 
B000MQOV1G, , , , 
B000OVK3O8, , , , 
B00008XPCS, , , , 
B000IDK9O6, , , , 
B000LXC55E, , , , 
B000A0PZE6, , , , 
B000HF6VK6, , , , 
B000K9GL3G, , , , 
B000JYXGI0, , , , 
B000F7IBWM, , , , 
B000E1E2KE, , , , 
B000OVHXA0, , , , 
B0006Q95Q8, , , , 
B000PCWUVA, , , , 
B0001DU0MY, , , , 
B0006Z00NQ, , , , 
B000MC4IMW, , , , 
B000GRRSK2, , , , 
B000KNHMC6, , , , 
B0007ZHGY6, , , , 
B000NE04CM, , , , 
B0007D2LE8, , , , 
B0001DUB5A, , , , 
B000K9JIFO, , , , 
B000LGA896, , , , 
B0007ZHGW8, , , , 
B000GF3DY4, , , , 
B0002TUVM6, , , , 
B00008US2C, , , , 
B000N8K0SQ, , , , 
B00006IE28, , , , 
B000COJETW, , , , 
B000FDPHTQ, , , , 
B0007KJIVU, , , , 
B000C12GJ0, , , , 
B0009Q1UIG, , , , 
B000JCPCRA, , , , 
B0009VEMCW, , , , 
B0002HLGYA, , , , 
B000KNPM3W, , , , 
B000OVJZRE, , , , 
B00006IFN4, , , , 
B000NW182O, , , , 
B000BYVJ8C, , , , 
B000N4PHTM, , , , 
B000OYFE0I, , , , 
B000G6JNME, , , , 
B0001DSIKU, , , , 
B0006OKGYA, , , , 
B000800B0G, , , , 
B000OVPIGG, , , , 
B0006KSMFE, , , , 
B000I7S3WW, , , , 
B000J3462G, , , , 
B000OVSIGI, , , , 
B00079TB5Y, , , , 
B000BS5OUW, , , , 
B0007LHJVU, , , , 
B000BQUQPM, , , , 
B000I1MOBY, , , , 
B000243FOC, , , , 
B000FTQYBA, , , , 
B000OVNQ7Y, , , , 
B000GOYNBM, , , , 
B000FDQEAW, , , , 
B000PD4MQK, , , , 
B0001DU3SU, , , , 
B000FBK43W, , , , 
B000A88MFM, , , , 
B0002Q8T5A, , , , 
B000OVJWUO, , , , 
B000KWRSEY, , , , 
B000HBWE60, , , , 
B000FZ924A, , , , 
B0002ABCIC, , , , 
B00076MAUK, , , , 
B000PGMX6S, , , , 
B00004Z4C8, , , , 
B000BY900G, , , , 
B0006V1TTY, , , , 
B000OVI124, , , , 
B0006OJAGU, , , , 
B000HUTARC, , , , 
B000Q379G4, , , , 
B0001DU2EA, , , , 
B000N8YS66, , , , 
B0000AE6BO, , , , 
B0007D2F6W, , , , 
B000MM3VUM, , , , 
B000OVNPEI, , , , 
B000OVNNRW, , , , 
B000JTLN1M, , , , 
B000BPECA8, , , , 
B000NPXCGQ, , , , 
B000OVHZWG, , , , 
B0009WD34O, , , , 
B000P8HKHS, , , , 
B0009WWVR4, , , , 
B0006HIH3Y, , , , 
B00009R7YK, , , , 
B000674S4Q, , , , 
B000QA3G9Q, , , , 
B000OVNM64, , , , 
B000Q5ZHDE, , , , 
B000N2JXTY, , , , 
B000GBPPIK, , , , 
B000HJ7QJM, , , , 
B000AMPD64, , , , 
B0009FBHOO, , , , 
B000GP30TW, , , , 
B000BZX2GS, , , , 
B000OVHUGM, , , , 
B000EACBIU, , , , 
B000HYYAI2, , , , 
B000GBRPJM, , , , 
B000BUP5F4, , , , 
B00097E9RE, , , , 
B000A2HGIM, , , , 
B000BI7K8Q, , , , 
B000E24IRK, , , , 
B000A88M52, , , , 
B000OVK1P4, , , , 
B0009GUAT6, , , , 
B000H0IOZG, , , , 
B0007XKGM2, , , , 
B000N8JYSS, , , , 
B0009XJPC2, , , , 
B0009XSKE6, , , , 
B000BKQSFK, , , , 
B000AE65U0, , , , 
B000KNJA6M, , , , 
B000BMX4MS, , , , 
B0009RP7YI, , , , 
B000N30NMY, , , , 
B000K9DJYA, , , , 
B000AXUQNS, , , , 
B000QA3GAU, , , , 
B000NCTJCU, , , , 
B000GAVNOQ, , , , 
B000OVHYAE, , , , 
B000CCVDOS, , , , 
B0009VEM7M, , , , 
B000E35ZQW, , , , 
B0006VZDGY, , , , 
B0007NCP4Y, , , , 
B0009HAB58, , , , 
B000N5LU38, , , , 
B0006N1Q9A, , , , 
B000N1Q2HG, , , , 
B000OUX936, , , , 
B0008EH132, , , , 
B000P8NTLO, , , , 
B000641DN8, , , , 
B0007W6QG8, , , , 
B00005V25P, , , , 
B00002N6I2, , , , 
B0006VQ7TQ, , , , 
B000HYOH12, , , , 
B0006VBSC2, , , , 
B000J07S5G, , , , 
B000HEUWD4, , , , 
B000F8VDXK, , , , 
B0006IK1LO, , , , 
B000CSNY62, , , , 
B00065CS7W, , , , 
B000BQT3ZQ, , , , 
B000OVPG5O, , , , 
B0001UZZ72, , , , 
B00026UQBA, , , , 
B000GISR7E, , , , 
B000PDGL8C, , , , 
B0007CIOV8, , , , 
B00099E314, , , , 
B0001DSZNU, , , , 
B000OVJZDI, , , , 
B0009LYSAS, , , , 
B000N9TAT0, , , , 
B000641ED2, , , , 
B000BQWULK, , , , 
B000GPROHQ, , , , 
B000OVJZ56, , , , 
B0006IJZ9I, , , , 
B0007ZHEJ8, , , , 
B000KHTJEQ, , , , 
B000FA9AX8, , , , 
B00083MOBM, , , , 
B000OVHUE4, , , , 
B000B7S3L0, , , , 
B000OVJYQ6, , , , 
B0001DS6QG, , , , 
B0006TZO24, , , , 
B00006RVIK, , , , 
B0009JBN7G, , , , 
B0002Z1322, , , , 
B000OVK23U, , , , 
B000OVHZDA, , , , 
B000I44IAG, , , , 
B0007XKCW6, , , , 
B0006J2S3M, , , , 
B000PJHJJ6, , , , 
B0007VISWO, , , , 
B0000C0CJZ, , , , 
B000094Q78, , , , 
B0009YL024, , , , 
B000KKERU4, , , , 
B000PD0CCS, , , , 
B0002A5AZI, , , , 
B000GBRN44, , , , 
B000FWEAWM, , , , 
B000FM7EKM, , , , 
B000MVZ2E6, , , , 
B000BYQKCC, , , , 
B00070OWKW, , , , 
B000OVNL10, , , , 
B00026UL5G, , , , 
B0006HVGZU, , , , 
B000P1R80E, , , , 
B00070OWKM, , , , 
B000BMUFJ8, , , , 
B000NNFCJ8, , , , 
B000OVHVVG, , , , 
B0007X24VS, , , , 
B00081ANTO, , , , 
B00099QWJU, , , , 
B000MQSEAA, , , , 
B0002N3OLC, , , , 
B000N2M0V2, , , , 
B000HDMRXI, , , , 
B000PC5USA, , , , 
B0001DU20O, , , , 
B000E5S3NW, , , , 
B0009ELI4E, , , , 
B000NWKZCI, , , , 
B000JIUR1K, , , , 
B000HWHX6U, , , , 
B000FNG2IG, , , , 
B0001XAHH2, , , , 
B000PCWLKA, , , , 
B0009VEM6S, , , , 
B000PD0JHG, , , , 
B0009XJPBI, , , , 
B0009VEM8Q, , , , 
B000KEJX90, , , , 
B00083KX24, , , , 
B000B5HDAE, , , , 
B000KNLELQ, , , , 
B000AXPINQ, , , , 
B0007VDA86, , , , 
B000KNPLRE, , , , 
B000MZSL0O, , , , 
B000ETC38E, , , , 
B000KNCKB4, , , , 
B000Q5Z0MM, , , , 
B000KIA94O, , , , 
B0007LHJOM, , , , 
B000AIDBLM, , , , 
B000AE511Y, , , , 
B000E9LEVQ, , , , 
B000AMB9X0, , , , 
B000OVJZCY, , , , 
B0009Q1UI6, , , , 
B000J4JRC4, , , , 
B000OZJMZ0, , , , 
B000QE27K6, , , , 
B000HF6K9S, , , , 
B00067IDY2, , , , 
B000JI5Y90, , , , 
B000HVE5C6, , , , 
B0007WYIF4, , , , 
B0009O1EES, , , , 
B000HLQFYW, , , , 
B000HXQ8HE, , , , 
B000F8VD4E, , , , 
B0009PU0D8, , , , 
B000G20BGU, , , , 
B0006IK1U0, , , , 
B000NV0E5C, , , , 
B000OVJX8K, , , , 
B0009V2PWG, , , , 
B000BI5KBA, , , , 
B000BY9X3A, , , , 
B00083QJYA, , , , 
B0001MTUKS, , , , 
B000A8AZAM, , , , 
B00067PXXG, , , , 
B0001LGSGS, , , , 
B0008JENYM, , , , 
B000PCCI4Y, , , , 
B000641EJQ, , , , 
B000OVNME6, , , , 
B000OVPC2G, , , , 
B000FDS3ZQ, , , , 
B0006HBT8O, , , , 
B000EGO61O, , , , 
B000AMPCNS, , , , 
B0006ABS7S, , , , 
B0000V0WJ8, , , , 
B000GEBVIK, , , , 
B000931O5S, , , , 
B00083KXE2, , , , 
B000BHN676, , , , 
B000HESRB8, , , , 
B000BQPNWS, , , , 
B000OVNQYC, , , , 
B000CSPPMS, , , , 
B000KZWDF0, , , , 
B000PS3SHE, , , , 
B000GUFODM, , , , 
B000F8XBKI, , , , 
B000LXC536, , , , 
B000OVK12C, , , , 
B0009GXMJG, , , , 
B000HDU9V0, , , , 
B000FAHDQ4, , , , 
B000I25VY0, , , , 
B000AR84HY, , , , 
B000GBT9FA, , , , 
B000NHZDZC, , , , 
B000N2IM46, , , , 
B00008XPFO, , , , 
B00008XPFL, , , , 
B0009WWVPG, , , , 
B00008XPFU, , , , 
B00008XPFQ, , , , 
B000FAJEWU, , , , 
B00008XPFX, , , , 
B00008XPFY, , , , 
B000ND3FA6, , , , 
B00006RVJQ, , , , 
B000PDIGLM, , , , 
B000GBO8AG, , , , 
B000FMJA9K, , , , 
B0009WICVI, , , , 
B00006IBN8, , , , 
B00009R80W, , , , 
B00009R80U, , , , 
B000B7M8Y8, , , , 
B0009WFV9E, , , , 
B00009R80Y, , , , 
B0006VCHXQ, , , , 
B000GBRONY, , , , 
B000KNBKCE, , , , 
B000F8X9OQ, , , , 
B000I7S2DM, , , , 
B0006OKGVS, , , , 
B0007NCPK8, , , , 
B0001DUW3G, , , , 
B000MWQUCI, , , , 
B000BPOJCO, , , , 
B0009WB0KS, , , , 
B000EA3U76, , , , 
048629241X, , , , 
B000EIPOZ4, , , , 
B000HXQ8O2, , , , 
B000GAXKJM, , , , 
B0002TTKOQ, , , , 
B0001M9WEW, , , , 
B0007NCP6W, , , , 
B0009VEM5O, , , , 
B00081G2HQ, , , , 
B00006IE19, , , , 
B000KNHTTC, , , , 
B000BKO6IG, , , , 
B00006IE14, , , , 
B000LFEI2K, , , , 
B000KNPH00, , , , 
B000K1SHOA, , , , 
B0001DSJMW, , , , 
B000JYCYQK, , , , 
B000MM49QC, , , , 
B000C22JQ4, , , , 
B0001DTBJM, , , , 
B000EFMC3O, , , , 
B000CCEIHM, , , , 
B000BY9WCW, , , , 
B0009ILFBQ, , , , 
B00006IFBQ, , , , 
B000C12GOK, , , , 
B00067IDZQ, , , , 
B000PHS8QQ, , , , 
B00006IE1W, , , , 
B0001DS2UG, , , , 
B00006IE1N, , , , 
B000FVXSFS, , , , 
B000F3VRVI, , , , 
B000GE8DKO, , , , 
B000FH367M, , , , 
B000FAHCUQ, , , , 
B000KL0400, , , , 
B000K8KB3S, , , , 
B00006IAGZ, , , , 
B000KGH5H0, , , , 
B000GIEVNS, , , , 
B000FWCYZW, , , , 
B000AAIZRU, , , , 
B000KNL2QS, , , , 
B00006RVU3, , , , 
B0001EK4Y2, , , , 
B000FW4MN4, , , , 
B000BJOYKM, , , , 
B000AZ7T1I, , , , 
B000IM5DZ2, , , , 
B000PW17E6, , , , 
B000FNIRUC, , , , 
B000BK7QB0, , , , 
B000E683XQ, , , , 
B000E3274A, , , , 
B000GBTADQ, , , , 
B000GBTADG, , , , 
B0009IR3R6, , , , 
B000IZ6W7M, , , , 
B000OVPGCW, , , , 
B000BQJA0E, , , , 
B00009R8J6, , , , 
B000GT8MLE, , , , 
B000CP0SR8, , , , 
B000NUZB8S, , , , 
B000GP0RHK, , , , 
B000FVUC9I, , , , 
B000J3TWFC, , , , 
B0001DUU0G, , , , 
B000KNL8QM, , , , 
B000GIUK42, , , , 
B00002X2IA, , , , 
B0006HUR3M, , , , 
B000NMQUAE, , , , 
B0001DS4Q8, , , , 
B000KI8H84, , , , 
B0002KR9DY, , , , 
B000NUVDJY, , , , 
B0007XDHGE, , , , 
B0007LHJVK, , , , 
B000KNL1VY, , , , 
B0001DU7LI, , , , 
B0007XPZ5U, , , , 
B00008XPG6, , , , 
B000QCODVY, , , , 
B000FAIQV0, , , , 
B000ET934Q, , , , 
B00008XPGM, , , , 
B000JVO72C, , , , 
B000CCYJ9E, , , , 
B000OVHUM6, , , , 
B000FAJGXM, , , , 
B000OVK1O0, , , , 
B000PD0DFE, , , , 
B000KKPFZU, , , , 
B000EBJIKS, , , , 
B0000E67AH, , , , 
B00006L38M, , , , 
B000BQT3W4, , , , 
B00006L38O, , , , 
B000A8BM7W, , , , 
B000P5RO22, , , , 
B00006IFAJ, , , , 
B00006IFAK, , , , 
B000OVNLVK, , , , 
B000H6ABGU, , , , 
B0007LS8BU, , , , 
B0006HIH02, , , , 
B0009VY0PQ, , , , 
B000E95JXK, , , , 
B0000AQOJQ, , , , 
B00083QRT2, , , , 
B00079KI1U, , , , 
B000H6AEWG, , , , 
B00083ONI4, , , , 
B00005NWQW, , , , 
B000PD0EXA, , , , 
B000IG4FEI, , , , 
B000A86FE2, , , , 
B000PCWO7U, , , , 
B0006O87GO, , , , 
B000KN4DT6, , , , 
B000G6FRS8, , , , 
B000OVJXFI, , , , 
B000HF0378, , , , 
B000H1XXN8, , , , 
B000AE606O, , , , 
B000FADHUU, , , , 
B00000ISDO, , , , 
B00023KJ10, , , , 
B000MLMUJG, , , , 
B0007LHK2I, , , , 
B000OVHZIA, , , , 
B000GRRSLQ, , , , 
B0001DSVP2, , , , 
B000IG0O5C, , , , 
B0009RWIP4, , , , 
B000C17TM4, , , , 
B000GJBQR6, , , , 
B000N9G8ZY, , , , 
B000MQFU4I, , , , 
B000BR0OXU, , , , 
B000I6H3ZG, , , , 
B0006N6T5Q, , , , 
B0006ABRQK, , , , 
B000F9ZG1Y, , , , 
B00004ZBTD, , , , 
B0007LHJ88, , , , 
B000HUZ6C0, , , , 
B000A8AYZ8, , , , 
B0000DD1NG, , , , 
B000AMSDRA, , , , 
B000I6F81M, , , , 
B000GRB6PA, , , , 
B0006IK0T2, , , , 
B000B7OSSC, , , , 
B000OVK104, , , , 
B00008XPGC, , , , 
B00064U7LC, , , , 
B0009RRT4Y, , , , 
B000GP0X38, , , , 
B00009R7Y2, , , , 
B000KPLQWQ, , , , 
B000OVPGR2, , , , 
B000FCRDO4, , , , 
B000I8TBXQ, , , , 
B0001DSDSM, , , , 
B000GBRQ6O, , , , 
B000E66NHE, , , , 
B0002K6Y4Y, , , , 
B0007ZG04I, , , , 
B000KNJS2I, , , , 
B000A8AZCU, , , , 
B00081ANS0, , , , 
B0006V5TEK, , , , 
B000668UVY, , , , 
B000BHN61W, , , , 
B000K2YCF2, , , , 
B0001DSJI6, , , , 
B000ID1BX4, , , , 
B0002D4Z4M, , , , 
B000ERRVHY, , , , 
B000K1XVUU, , , , 
B000A8BMO0, , , , 
B000P5TNH6, , , , 
B000AYG352, , , , 
B000AIERZG, , , , 
B000CFD5QE, , , , 
B0009IYUSG, , , , 
B000N2IMR8, , , , 
B000GLJ0EU, , , , 
B000I8TMU8, , , , 
B000LFCP9I, , , , 
B000OVNMQY, , , , 
B00008O2YK, , , , 
B00008XPD1, , , , 
B000FDS3VU, , , , 
B000FDQE3Y, , , , 
B0006HUJ0I, , , , 
B000ANHPHS, , , , 
B000E3277C, , , , 
B000EFL64U, , , , 
B0007Z3J5G, , , , 
B000J09PFM, , , , 
B000B60GG6, , , , 
B000GJ58PW, , , , 
B000HF6IEA, , , , 
B000AE50ME, , , , 
B000HLQFZG, , , , 
B000F9X70G, , , , 
B000GJALGS, , , , 
B000IZ58EU, , , , 
B000EGRDN2, , , , 
B000P1NUWY, , , , 
B000P1NS3K, , , , 
B0009WUF0E, , , , 
B000GZRE2G, , , , 
B00006B7P4, , , , 
B000MWW7AW, , , , 
B0001DS7FQ, , , , 
B0006HUJQW, , , , 
B000F5SF52, , , , 
B000FK75J4, , , , 
B000BRLIOO, , , , 
B000FNG2NQ, , , , 
B000OVHYE0, , , , 
B000K9FH6S, , , , 
B0007XOEV6, , , , 
B000OVPFQE, , , , 
B000BP7KM0, , , , 
B000P5VQM6, , , , 
B000662A3I, , , , 
B000E1WH60, , , , 
B0007W60QO, , , , 
B0017RCLLQ, , , , 
B0006HVIOO, , , , 
B000QA6ARG, , , , 
B000BYU1M2, , , , 
B000NV07NG, , , , 
"B000B
", , , , 
